edge_id,a,b,delta_h1,delta_h2,delta_h5,delta_h10,necessary
0,0,2,-2.63318736415e-06,-5.53466594511e-06,-3.40162949897e-06,-9.45641559724e-06,False
1,0,4,-0.254786218997,-0.475868645996,2.80704321957,1.55410127415,False
2,0,5,-0.000121646066042,-0.000245258537049,-9.89347448126e-05,-0.000367855953726,False
3,0,6,-0.000103984385987,-0.000214652014662,-9.92698615931e-05,-0.000330847413153,False
4,0,8,-2.7878263964e-07,-6.70044052242e-07,-9.65965213595e-07,-2.04587351504e-06,False
5,0,11,-0.239398101987,-0.469783550907,0.712584735889,-0.143789767232,False
6,0,12,-1.20578649287e-06,-2.75703346375e-06,-2.52471500062e-06,-5.62327386433e-06,False
7,0,13,-9.42550236971e-07,-2.27201143588e-06,-2.71180715572e-06,-5.11675551707e-06,False
8,0,16,-2.36569490042e-06,-5.29740434985e-06,-4.39604839642e-06,-1.03685792112e-05,False
9,0,17,-1.64489394869e-05,-3.51560736931e-05,-2.75611357665e-05,-7.24377626113e-05,False
10,0,22,-6.26070316407e-05,-0.000126611899745,-5.7214745155e-05,-0.000193891678009,False
11,1,3,-3.9110952379e-06,-7.80852148097e-06,-2.98986648772e-06,-1.18084080611e-05,False
12,1,5,-0.585934652808,-1.07432433161,3.68102777622,1.59682493137,False
13,1,7,-0.00774635606014,-0.0147399100761,0.0203188652623,-0.000339891671587,False
14,1,9,-5.21543341847e-09,-1.10087086114e-08,-6.70358701882e-09,-2.36898642925e-08,False
15,1,11,-1.92337590974e-05,-3.96410593737e-05,-1.78704787714e-05,-6.22125430993e-05,False
16,1,14,-1.50563565207e-05,-3.06143291553e-05,-1.30316473417e-05,-4.64913132134e-05,False
17,1,17,-1.45131044391e-05,-2.97624286816e-05,-1.70375476642e-05,-5.19507587455e-05,False
18,1,18,-4.73651254751e-06,-1.02082544728e-05,-7.30887710176e-06,-2.16662806167e-05,False
19,2,7,-1.12016479648e-07,-2.46034936424e-07,-2.34345264971e-07,-5.33993102181e-07,False
20,2,9,-4.72488729031e-07,-1.25202186041e-06,-1.80411008444e-06,-3.68241143178e-06,False
21,2,10,-7.34475982256e-08,-1.94953116761e-07,-2.68908323164e-07,-5.48898952957e-07,False
22,2,17,-0.176426360201,-0.242413313284,3.06354628232,2.57760374212,False
23,3,4,-6.90030119799e-06,-1.43830206696e-05,-6.92521686574e-06,-2.25882945983e-05,False
24,3,11,-4.24514878361e-06,-8.85058823097e-06,-4.28364596416e-06,-1.43898557212e-05,False
25,3,13,-7.8149806626e-08,-1.67126579242e-07,-1.6196194963e-07,-3.48800938355e-07,False
26,3,16,-0.00097038325519,-0.000778484823769,0.0312532949498,0.038622899716,False
27,3,18,-0.06071854977,-0.116466373995,0.128668841794,-0.0718612856256,False
28,3,21,-0.0108443269656,-0.0220627564319,0.0089516378402,-0.0290840126223,False
29,4,5,-1.12540532789,-2.2739776594,1.38596127926,-1.89397751165,False
30,4,6,-8.35660095788e-07,-1.92323107484e-06,-1.67989890087e-06,-3.98198133666e-06,False
31,4,8,-6.46294212743e-05,-0.000133852024199,-6.17344187219e-05,-0.000206516183027,False
32,4,9,-0.11882602596,-0.247712061833,0.0788409662179,-0.251998162321,False
33,4,10,-2.50690887711e-05,-5.3053555277e-05,-2.794172336e-05,-8.62916503195e-05,False
34,4,11,-0.946247048673,-1.78388588877,9.45768422905,3.29530215692,False
35,4,12,-4.4958524974e-06,-9.44612736475e-06,-4.80440097306e-06,-1.50089467706e-05,False
36,4,13,-6.17675781385e-05,-0.00012949279607,-6.48416006186e-05,-0.00020610971589,False
37,4,14,-3.78843025182e-05,-7.93554892269e-05,-3.95784778391e-05,-0.000125499169428,False
38,4,15,-5.05982918604e-05,-0.000106565506826,-5.48081222149e-05,-0.000170428608072,False
39,4,16,-6.30854191357e-05,-0.000132746681267,-6.80986990318e-05,-0.000211151030044,False
40,4,17,-4.85480556023e-05,-9.83218572586e-05,-4.26549517414e-05,-0.000150255813963,False
41,4,18,-6.32809356915e-06,-1.50739074911e-05,-1.45770515161e-05,-3.24661500031e-05,False
42,4,19,-3.86228440945e-05,-8.09521309009e-05,-4.04663333597e-05,-0.000128117312443,False
43,4,20,-0.351443495514,-0.706139536824,1.28508119492,0.101985507844,False
44,4,21,-1.47365253547e-05,-3.23373045035e-05,-2.13000182043e-05,-5.70840123828e-05,False
45,4,23,-4.5417596656e-05,-9.55396108111e-05,-4.89705394386e-05,-0.00015209503826,False
46,5,6,-0.974612959348,-1.71663525925,9.27583640384,4.0975572137,False
47,5,7,-7.6145734198e-05,-0.000154695287385,-6.53042016978e-05,-0.000233774007057,False
48,5,8,-8.43310908536e-05,-0.000172540673162,-7.64893908496e-05,-0.000264480098053,False
49,5,9,-5.56638190687e-05,-0.000112921055063,-4.69942506811e-05,-0.00016933071322,False
50,5,10,-0.50887714053,-0.97580894679,1.69980930489,0.053505661038,False
51,5,13,-4.37761154899e-05,-8.88324318993e-05,-3.72651772551e-05,-0.000133025592788,False
52,5,15,-0.271827886413,-0.53996654458,0.200277350922,-0.472216996371,False
53,5,16,-1.67094444841e-05,-3.38523614545e-05,-1.40399076969e-05,-5.08960146135e-05,False
54,5,18,-0.000119079013121,-0.000238353494758,-9.23172994902e-05,-0.000351651655279,False
55,5,19,-2.48152650322e-05,-5.03722506835e-05,-2.1152831664e-05,-7.57199231884e-05,False
56,5,20,-3.40715380069e-05,-6.87942908115e-05,-2.80586469046e-05,-0.000103711061683,False
57,5,22,-0.96441246242,-1.68937910524,7.69363896268,2.72578583925,False
58,6,7,-9.51273229823e-05,-0.000194626905774,-8.69197769475e-05,-0.000298204588034,False
59,6,8,-9.3956852254e-06,-1.89837634821e-05,-7.6359186636e-06,-2.84713921701e-05,False
60,6,11,-0.844718629546,-1.58928916141,5.54991997506,1.90774858639,False
61,6,13,-7.59239894279e-05,-0.000155195539094,-6.76518332341e-05,-0.000239673205357,False
62,6,14,-0.175809242424,-0.317960599247,1.31843439107,0.822746968888,False
63,6,15,-1.23249520811e-07,-2.52957676139e-07,-1.14025937137e-07,-3.92085325984e-07,False
64,6,17,-4.20937101495e-05,-8.42058082e-05,-3.58865367645e-05,-0.000130353941103,False
65,7,11,-0.000121411602809,-0.000251716981616,-0.000116618139941,-0.000406887596483,False
66,7,12,-4.52954971308e-08,-1.10674889633e-07,-1.5672746656e-07,-2.77647359326e-07,False
67,7,13,0.000124463043814,0.00116053170709,0.0291796935544,0.0616937839823,False
68,7,17,-4.28064039966e-05,-9.01793440846e-05,-6.172121752e-05,-0.000172348183099,False
69,7,18,-1.88691175644e-05,-3.82476553846e-05,-1.93025789445e-05,-6.51244084224e-05,False
70,7,20,-0.015559906956,-0.0310052741904,0.0678486717055,0.028839580297,False
71,7,21,-2.63477302198e-06,-5.74513988738e-06,-5.05270628537e-06,-1.26194756831e-05,False
72,8,9,-2.75030334151e-06,-5.50698532464e-06,-2.17185728919e-06,-8.75804320799e-06,False
73,8,17,-1.48382404106e-05,-3.15787212344e-05,-2.35385602565e-05,-6.23864048919e-05,False
74,8,18,-0.0983500831513,-0.163584649627,0.871637891672,0.359189675315,False
75,8,19,-6.20367256232e-07,-1.25010011232e-06,-5.8673475678e-07,-2.05290064059e-06,False
76,8,21,-1.23971432515e-05,-2.59843934245e-05,-1.70676177191e-05,-5.01610970502e-05,False
77,8,22,-0.109404866442,-0.211771472407,0.127648296391,-0.20468141666,False
78,8,23,-0.00397296318457,-0.00739352446968,0.0145715645715,0.00360529148367,False
79,9,11,-0.379540159787,-0.669226233884,4.08102787881,2.50758991457,False
80,9,13,-2.53386993165e-06,-5.20009701432e-06,-2.36626065941e-06,-8.97445983128e-06,False
81,9,14,-7.12394650293e-06,-1.47401270212e-05,-7.20176667812e-06,-2.45587184509e-05,False
82,9,22,-1.41478619042e-05,-2.88766906209e-05,-1.55396037513e-05,-4.87422423987e-05,False
83,10,12,-6.1307703092e-07,-1.2479648035e-06,-5.45277487163e-07,-1.89575041531e-06,False
84,10,13,-6.61860397599e-07,-1.34229254201e-06,-5.80544607942e-07,-2.09345972735e-06,False
85,10,14,-1.22814486403e-05,-2.50389666476e-05,-1.08569584825e-05,-3.81432222696e-05,False
86,10,15,-0.00146340396755,-0.00289888600643,0.00135155826609,-0.00218787118163,False
87,10,17,-4.99903658415e-05,-0.000103080869302,-6.16383220517e-05,-0.000183556131446,False
88,10,18,-1.90633767438e-05,-4.01525462195e-05,-2.55106203468e-05,-7.94614568633e-05,False
89,10,20,-2.85682951552e-05,-5.88672186552e-05,-2.72128676357e-05,-8.96897267637e-05,False
90,10,23,-0.00492906978236,-0.00969808700918,0.00904230167646,-0.00353559501255,False
91,11,13,-0.000128334235274,-0.000266299125876,-0.000125270273728,-0.000428320431752,False
92,11,15,-3.99954263308e-05,-8.26963521021e-05,-3.79016440021e-05,-0.00013195561769,False
93,11,16,-3.76674475326e-05,-7.78973403541e-05,-3.56892283691e-05,-0.000125099214131,False
94,11,17,-3.13833451671e-06,-8.04564834311e-06,-1.0076541173e-05,-2.14012035826e-05,False
95,11,18,-0.59208550706,-1.14790710713,1.51346309723,-0.422438996047,False
96,11,19,-2.79624857527e-05,-5.80033393307e-05,-2.71231545668e-05,-9.35233393307e-05,False
97,11,20,-1.10685078525e-06,-2.29658243001e-06,-1.09431762496e-06,-3.79337586764e-06,False
98,11,21,-3.69657064532e-05,-7.51859305694e-05,-3.09883684366e-05,-0.000116764255978,False
99,11,22,-3.6593944607e-05,-7.39882728524e-05,-2.97413835284e-05,-0.00011065249231,False
100,11,23,-5.28536439042e-05,-0.000109306147522,-5.00126194822e-05,-0.000175533994309,False
101,12,15,-8.35830366697e-07,-1.70391263765e-06,-7.67988098005e-07,-2.62424757125e-06,False
102,12,17,-5.69860956539e-05,-0.000120075076111,-8.34141364408e-05,-0.000230660009379,False
103,12,18,-4.28010239872e-06,-8.69122292357e-06,-4.26403535414e-06,-1.47830378978e-05,False
104,12,21,-9.19780781317e-06,-1.9847435631e-05,-1.57732447406e-05,-4.1763518368e-05,False
105,13,14,-2.20462824174e-06,-4.7910732448e-06,-3.43807798231e-06,-8.33266679479e-06,False
106,13,18,-3.14611509005e-05,-6.40353202215e-05,-3.17103403091e-05,-0.000110418196243,False
107,13,21,-0.0114222294887,-0.0219753116136,0.0459958623457,-0.00037469457061,False
108,14,18,-1.1540341557e-05,-2.31430117523e-05,-9.89266078477e-06,-3.71577224314e-05,False
109,15,18,-4.44074620631e-06,-9.09978530927e-06,-4.81529313845e-06,-1.61679655548e-05,False
110,15,20,-2.60394302849e-05,-5.39791267684e-05,-2.57931155261e-05,-8.33802571094e-05,False
111,16,17,-1.30344852707e-05,-2.7464815517e-05,-1.90677562415e-05,-5.29420190674e-05,False
112,16,20,-1.19385501307e-06,-2.48028465677e-06,-1.20056533603e-06,-3.90838351905e-06,False
113,17,18,-0.289742976446,-0.357811053488,5.71622806917,2.93470855649,False
114,17,21,-0.196875507623,-0.290734910329,2.80767756521,1.33310946808,False
115,17,22,-0.413947808343,-0.56576095086,6.67259274815,3.11102309265,False
116,17,23,-1.50678771149e-06,-3.18018827983e-06,-2.23104021302e-06,-6.1392001669e-06,False
117,19,21,-0.00897719595666,-0.0178036046315,0.0238064788273,-0.0017531885961,False
118,20,22,-0.146467135807,-0.285127103089,0.200950537783,-0.242251312566,False
119,22,23,-4.67932558479e-06,-9.39632175828e-06,-4.20091072328e-06,-1.45488332066e-05,False
